Time,                  Accuracy,                  True Positive,                  False Positive,                  False Negative,                  True Negative,                  Avg. Diff. True Pos.,                  Avg. Diff. True Neg.,                  Avg. Diff. False Pos.,                  Avg. Diff. False Neg.,                  Avg. Diff. True Pos. (%),                  Avg. Diff. True Neg. (%),                  Avg. Diff. False Pos. (%),                  Avg. Diff. False Neg. (%),                  MCC

0.002479 , 0.931638 , 181 , 405 , 10 , 33 , 0.019087 , -0.065513 , 0.008878 , -0.012319 , 52.255009 , -57.543951 , 27.615858 , -19.927006 , 0.846622 , 
0.002434 , 0.958665 , 200 , 403 , 12 , 14 , 0.017742 , -0.037254 , 0.015744 , -0.037861 , 47.474819 , -32.557222 , 48.584429 , -60.711130 , 0.907741 , 
0.002633 , 0.963434 , 205 , 401 , 14 , 9 , 0.018315 , -0.026763 , 0.018339 , -0.060587 , 48.027321 , -23.386109 , 56.763356 , -97.110224 , 0.919152 , 
