Time,                  Accuracy,                  True Positive,                  False Positive,                  False Negative,                  True Negative,                  Avg. Diff. True Pos.,                  Avg. Diff. True Neg.,                  Avg. Diff. False Pos.,                  Avg. Diff. False Neg.,                  Avg. Diff. True Pos. (%),                  Avg. Diff. True Neg. (%),                  Avg. Diff. False Pos. (%),                  Avg. Diff. False Neg. (%),                  MCC

0.410349 , 0.790588 , 41639 , 132726 , 42098 , 4088 , 0.002661 , -0.002661 , 0.001286 , -0.000785 , 48.783135 , -53.521978 , 33.545768 , -20.397552 , -nan , 
0.414885 , 0.957656 , 41729 , 169483 , 5341 , 3998 , 0.000031 , -0.001021 , 0.010187 , -0.000841 , 0.685851 , -28.602629 , 266.164298 , -21.999659 , -nan , 
0.459454 , 0.959152 , 41115 , 170427 , 4397 , 4612 , 0.000000 , -0.000941 , 0.012375 , -0.000729 , 0.000004 , -26.986977 , 323.307600 , -19.091069 , -0.554965 , 
