Time,                  Accuracy,                  True Positive,                  False Positive,                  False Negative,                  True Negative,                  Avg. Diff. True Pos.,                  Avg. Diff. True Neg.,                  Avg. Diff. False Pos.,                  Avg. Diff. False Neg.,                  Avg. Diff. True Pos. (%),                  Avg. Diff. True Neg. (%),                  Avg. Diff. False Pos. (%),                  Avg. Diff. False Neg. (%),                  MCC

0.002533 , 0.931638 , 183 , 403 , 8 , 35 , 0.019182 , -0.062416 , 0.012691 , -0.010972 , 50.839855 , -53.371382 , 37.226899 , -16.317917 , 0.848596 , 
0.002437 , 0.958665 , 204 , 399 , 12 , 14 , 0.020123 , -0.033956 , 0.018386 , -0.034994 , 51.243396 , -28.871668 , 52.360637 , -52.256974 , 0.908562 , 
0.002438 , 0.974563 , 214 , 399 , 12 , 4 , 0.018139 , -0.022528 , 0.024964 , -0.127417 , 46.285485 , -19.158298 , 71.100115 , -188.706494 , 0.944684 , 
