Time,                  Accuracy,                  True Positive,                  False Positive,                  False Negative,                  True Negative,                  Avg. Diff. True Pos.,                  Avg. Diff. True Neg.,                  Avg. Diff. False Pos.,                  Avg. Diff. False Neg.,                  Avg. Diff. True Pos. (%),                  Avg. Diff. True Neg. (%),                  Avg. Diff. False Pos. (%),                  Avg. Diff. False Neg. (%),                  MCC

0.187303 , 0.762805 , 17048 , 5306 , 1761 , 5190 , 0.010008 , -0.007750 , 0.004498 , -0.005399 , 11.253263 , -8.199788 , 5.055164 , -5.474487 , 0.461659 , 
0.198311 , 0.822829 , 19631 , 4482 , 2585 , 2607 , 0.000153 , -0.000048 , 0.003135 , -0.010792 , 0.172006 , -0.051737 , 3.519402 , -10.943053 , 0.516436 , 
0.192322 , 0.829415 , 20284 , 4022 , 3045 , 1954 , 0.000000 , -0.000000 , 0.002661 , -0.014398 , 0.000045 , -0.000001 , 2.987749 , -14.600072 , 0.510962 , 
