Time,                  Accuracy,                  True Positive,                  False Positive,                  False Negative,                  True Negative,                  Avg. Diff. True Pos.,                  Avg. Diff. True Neg.,                  Avg. Diff. False Pos.,                  Avg. Diff. False Neg.,                  Avg. Diff. True Pos. (%),                  Avg. Diff. True Neg. (%),                  Avg. Diff. False Pos. (%),                  Avg. Diff. False Neg. (%),                  MCC

0.195324 , 0.76516 , 17199 , 5224 , 1808 , 5074 , 0.009938 , -0.007782 , 0.004398 , -0.005447 , 11.152020 , -8.232054 , 4.927149 , -5.519294 , 0.460755 , 
0.219559 , 0.823818 , 19683 , 4459 , 2573 , 2590 , 0.000149 , -0.000068 , 0.003163 , -0.010713 , 0.168130 , -0.073986 , 3.538554 , -10.856893 , 0.517390 , 
0.210119 , 0.822658 , 19939 , 4169 , 2863 , 2334 , 0.000000 , -0.000000 , 0.002842 , -0.011888 , 0.000059 , -0.000001 , 3.180143 , -12.047711 , 0.501612 , 
