Time,                  Accuracy,                  True Positive,                  False Positive,                  False Negative,                  True Negative,                  Avg. Diff. True Pos.,                  Avg. Diff. True Neg.,                  Avg. Diff. False Pos.,                  Avg. Diff. False Neg.,                  Avg. Diff. True Pos. (%),                  Avg. Diff. True Neg. (%),                  Avg. Diff. False Pos. (%),                  Avg. Diff. False Neg. (%),                  MCC

0.116636 , 0.752974 , 768 , 1384 , 3 , 703 , 0.000472 , -0.001728 , 0.000411 , -0.000515 , 6.140945 , -16.942652 , 5.333344 , -5.596501 , 0.585466 , 
0.119013 , 0.927922 , 1352 , 1300 , 87 , 119 , 0.000674 , -0.000609 , 0.000197 , -0.003245 , 8.430281 , -5.900414 , 2.262977 , -35.190066 , 0.856028 , 
0.115769 , 0.939818 , 1430 , 1256 , 131 , 41 , 0.000672 , -0.000448 , 0.000273 , -0.009563 , 8.353766 , -4.328966 , 3.103358 , -103.608407 , 0.881067 , 
