Time,                  Accuracy,                  True Positive,                  False Positive,                  False Negative,                  True Negative,                  Avg. Diff. True Pos.,                  Avg. Diff. True Neg.,                  Avg. Diff. False Pos.,                  Avg. Diff. False Neg.,                  Avg. Diff. True Pos. (%),                  Avg. Diff. True Neg. (%),                  Avg. Diff. False Pos. (%),                  Avg. Diff. False Neg. (%),                  MCC

0.196180 , 0.767207 , 17278 , 5205 , 1850 , 4972 , 0.009959 , -0.007924 , 0.004320 , -0.005522 , 11.170430 , -8.402198 , 4.823945 , -5.600880 , 0.461846 , 
0.221381 , 0.826821 , 19705 , 4525 , 2530 , 2545 , 0.000130 , -0.000061 , 0.003231 , -0.010833 , 0.145261 , -0.067068 , 3.602252 , -10.987470 , 0.526625 , 
0.249597 , 0.825218 , 19778 , 4405 , 2650 , 2472 , 0.000000 , -0.000000 , 0.003085 , -0.011153 , 0.000048 , -0.000001 , 3.439147 , -11.311939 , 0.517812 , 
