Time,                  Accuracy,                  True Positive,                  False Positive,                  False Negative,                  True Negative,                  Avg. Diff. True Pos.,                  Avg. Diff. True Neg.,                  Avg. Diff. False Pos.,                  Avg. Diff. False Neg.,                  Avg. Diff. True Pos. (%),                  Avg. Diff. True Neg. (%),                  Avg. Diff. False Pos. (%),                  Avg. Diff. False Neg. (%),                  MCC

0.002386 , 0.925278 , 185 , 397 , 9 , 38 , 0.019778 , -0.065045 , 0.009927 , -0.012118 , 53.028282 , -57.122755 , 30.550783 , -18.881817 , 0.836323 , 
0.002475 , 0.952305 , 205 , 394 , 12 , 18 , 0.021015 , -0.032480 , 0.016838 , -0.030840 , 54.931784 , -28.429455 , 50.262846 , -47.290015 , 0.895351 , 
0.002331 , 0.974563 , 219 , 394 , 12 , 4 , 0.020376 , -0.022291 , 0.023260 , -0.144199 , 51.717884 , -19.478499 , 69.201250 , -219.882332 , 0.945226 , 
