Time,                  Accuracy,                  True Positive,                  False Positive,                  False Negative,                  True Negative,                  Avg. Diff. True Pos.,                  Avg. Diff. True Neg.,                  Avg. Diff. False Pos.,                  Avg. Diff. False Neg.,                  Avg. Diff. True Pos. (%),                  Avg. Diff. True Neg. (%),                  Avg. Diff. False Pos. (%),                  Avg. Diff. False Neg. (%),                  MCC

0.203653 , 0.719497 , 3746 , 3413 , 1002 , 1789 , 0.001484 , -0.001794 , 0.000817 , -0.001043 , 10.157090 , -13.214276 , 5.473646 , -8.406220 , 0.447438 , 
0.209904 , 0.896985 , 5009 , 3916 , 499 , 526 , 0.000439 , -0.000452 , 0.001830 , -0.003769 , 3.335405 , -3.186948 , 12.308755 , -30.285243 , 0.791467 , 
0.213715 , 0.92593 , 5164 , 4049 , 366 , 371 , 0.000172 , -0.000227 , 0.002538 , -0.005389 , 1.386645 , -1.679170 , 17.079896 , -43.232790 , 0.849976 , 
0.206693 , 0.92804 , 5176 , 4058 , 357 , 359 , 0.000110 , -0.000160 , 0.002624 , -0.005595 , 0.911464 , -1.222938 , 17.667222 , -44.839658 , 0.854240 , 
0.208150 , 0.930151 , 5188 , 4067 , 348 , 347 , 0.000080 , -0.000124 , 0.002707 , -0.005804 , 0.676530 , -0.973202 , 18.227055 , -46.491498 , 0.858506 , 
0.207123 , 0.931658 , 5195 , 4075 , 340 , 340 , 0.000063 , -0.000100 , 0.002781 , -0.005935 , 0.539618 , -0.812185 , 18.729588 , -47.516824 , 0.861563 , 
0.202819 , 0.934874 , 5231 , 4071 , 344 , 304 , 0.000056 , -0.000090 , 0.002757 , -0.006646 , 0.488734 , -0.737198 , 18.571773 , -53.193616 , 0.867985 , 
