Time,                  Accuracy,                  True Positive,                  False Positive,                  False Negative,                  True Negative,                  Avg. Diff. True Pos.,                  Avg. Diff. True Neg.,                  Avg. Diff. False Pos.,                  Avg. Diff. False Neg.,                  Avg. Diff. True Pos. (%),                  Avg. Diff. True Neg. (%),                  Avg. Diff. False Pos. (%),                  Avg. Diff. False Neg. (%),                  MCC

0.213499 , 0.721307 , 3739 , 3438 , 972 , 1801 , 0.001458 , -0.001787 , 0.000785 , -0.001040 , 9.979738 , -13.135974 , 5.317064 , -8.347464 , 0.452198 , 
0.214509 , 0.894573 , 5008 , 3893 , 517 , 532 , 0.000459 , -0.000464 , 0.001656 , -0.003740 , 3.486636 , -3.268345 , 11.277831 , -29.915479 , 0.786468 , 
0.215622 , 0.922814 , 5149 , 4033 , 377 , 391 , 0.000174 , -0.000236 , 0.002313 , -0.005133 , 1.389033 , -1.727846 , 15.756004 , -40.996184 , 0.843665 , 
0.211278 , 0.925829 , 5172 , 4040 , 370 , 368 , 0.000112 , -0.000164 , 0.002380 , -0.005478 , 0.919020 , -1.238612 , 16.215449 , -43.709748 , 0.849713 , 
0.210822 , 0.930955 , 5199 , 4064 , 346 , 341 , 0.000081 , -0.000125 , 0.002560 , -0.005928 , 0.677387 , -0.975848 , 17.447193 , -47.275565 , 0.860090 , 
0.211217 , 0.930653 , 5195 , 4065 , 345 , 345 , 0.000064 , -0.000101 , 0.002579 , -0.005871 , 0.544830 , -0.808970 , 17.571966 , -46.800183 , 0.859494 , 
0.211441 , 0.931558 , 5045 , 4224 , 186 , 495 , 0.000055 , -0.000092 , 0.004791 , -0.004101 , 0.482928 , -0.735669 , 32.660862 , -32.675832 , 0.863999 , 
