Time,                  Accuracy,                  True Positive,                  False Positive,                  False Negative,                  True Negative,                  Avg. Diff. True Pos.,                  Avg. Diff. True Neg.,                  Avg. Diff. False Pos.,                  Avg. Diff. False Neg.,                  Avg. Diff. True Pos. (%),                  Avg. Diff. True Neg. (%),                  Avg. Diff. False Pos. (%),                  Avg. Diff. False Neg. (%),                  MCC

0.206804 , 0.723618 , 3751 , 3449 , 968 , 1782 , 0.001438 , -0.001771 , 0.000773 , -0.001024 , 9.959043 , -13.064438 , 5.289091 , -8.219874 , 0.456489 , 
0.214311 , 0.894171 , 4994 , 3903 , 514 , 539 , 0.000438 , -0.000436 , 0.001640 , -0.003604 , 3.369603 , -3.122470 , 11.274925 , -28.932945 , 0.785778 , 
0.222137 , 0.923618 , 5149 , 4041 , 376 , 384 , 0.000171 , -0.000222 , 0.002282 , -0.005102 , 1.394558 , -1.647853 , 15.692871 , -40.907381 , 0.845319 , 
0.211691 , 0.927638 , 5173 , 4057 , 360 , 360 , 0.000110 , -0.000155 , 0.002406 , -0.005467 , 0.924795 , -1.182868 , 16.546125 , -43.796258 , 0.853433 , 
0.212613 , 0.928643 , 5178 , 4062 , 355 , 355 , 0.000080 , -0.000120 , 0.002455 , -0.005560 , 0.684329 , -0.942796 , 16.880136 , -44.513376 , 0.855468 , 
0.211420 , 0.930653 , 5189 , 4071 , 346 , 344 , 0.000063 , -0.000097 , 0.002529 , -0.005749 , 0.543178 , -0.785859 , 17.389185 , -46.008862 , 0.859533 , 
0.206855 , 0.93397 , 5185 , 4108 , 309 , 348 , 0.000057 , -0.000087 , 0.002840 , -0.005691 , 0.493656 , -0.712780 , 19.524802 , -45.531911 , 0.866403 , 
