Time,                  Accuracy,                  True Positive,                  False Positive,                  False Negative,                  True Negative,                  Avg. Diff. True Pos.,                  Avg. Diff. True Neg.,                  Avg. Diff. False Pos.,                  Avg. Diff. False Neg.,                  Avg. Diff. True Pos. (%),                  Avg. Diff. True Neg. (%),                  Avg. Diff. False Pos. (%),                  Avg. Diff. False Neg. (%),                  MCC

0.148239 , 0.753324 , 774 , 1379 , 3 , 702 , 0.000471 , -0.001736 , 0.000392 , -0.000513 , 6.125360 , -17.000900 , 5.094447 , -5.582162 , 0.586548 , 
0.135159 , 0.928621 , 1359 , 1295 , 87 , 117 , 0.000677 , -0.000610 , 0.000202 , -0.003280 , 8.462521 , -5.906157 , 2.313427 , -35.575654 , 0.857376 , 
0.138277 , 0.949965 , 1421 , 1294 , 88 , 55 , 0.000654 , -0.000477 , 0.000359 , -0.007119 , 8.141099 , -4.608710 , 4.106256 , -77.102488 , 0.899986 , 
