Time,                  Accuracy,                  True Positive,                  False Positive,                  False Negative,                  True Negative,                  Avg. Diff. True Pos.,                  Avg. Diff. True Neg.,                  Avg. Diff. False Pos.,                  Avg. Diff. False Neg.,                  Avg. Diff. True Pos. (%),                  Avg. Diff. True Neg. (%),                  Avg. Diff. False Pos. (%),                  Avg. Diff. False Neg. (%),                  MCC

0.246389 , 0.765433 , 17201 , 5230 , 1829 , 5045 , 0.009974 , -0.007850 , 0.004382 , -0.005462 , 11.196197 , -8.315842 , 4.909204 , -5.543652 , 0.460732 , 
0.283585 , 0.824706 , 19668 , 4500 , 2559 , 2578 , 0.000192 , -0.000087 , 0.003202 , -0.010733 , 0.214984 , -0.096088 , 3.581883 , -10.894434 , 0.521120 , 
0.208596 , 0.824672 , 19624 , 4543 , 2516 , 2622 , 0.000000 , -0.000000 , 0.003257 , -0.010553 , 0.000054 , -0.000001 , 3.643117 , -10.711615 , 0.523056 , 
