Time,                  Accuracy,                  True Positive,                  False Positive,                  False Negative,                  True Negative,                  Avg. Diff. True Pos.,                  Avg. Diff. True Neg.,                  Avg. Diff. False Pos.,                  Avg. Diff. False Neg.,                  Avg. Diff. True Pos. (%),                  Avg. Diff. True Neg. (%),                  Avg. Diff. False Pos. (%),                  Avg. Diff. False Neg. (%),                  MCC

0.204524 , 0.722915 , 3761 , 3432 , 949 , 1808 , 0.001446 , -0.001769 , 0.000788 , -0.001028 , 9.899852 , -12.920949 , 5.365375 , -8.173055 , 0.456094 , 
0.215932 , 0.896482 , 5043 , 3877 , 504 , 526 , 0.000443 , -0.000457 , 0.001673 , -0.003751 , 3.360686 , -3.223677 , 11.447097 , -29.658743 , 0.790091 , 
0.210565 , 0.921206 , 5174 , 3992 , 389 , 395 , 0.000174 , -0.000229 , 0.002209 , -0.005039 , 1.399079 , -1.677546 , 15.110967 , -39.779769 , 0.840157 , 
0.209067 , 0.925829 , 5200 , 4012 , 369 , 369 , 0.000111 , -0.000159 , 0.002351 , -0.005419 , 0.919519 , -1.210678 , 16.083382 , -42.743265 , 0.849513 , 
0.216215 , 0.929347 , 5218 , 4029 , 352 , 351 , 0.000080 , -0.000123 , 0.002480 , -0.005713 , 0.674210 , -0.958392 , 16.959566 , -45.039339 , 0.856646 , 
0.209075 , 0.931156 , 5225 , 4040 , 341 , 344 , 0.000063 , -0.000098 , 0.002570 , -0.005840 , 0.536587 , -0.787053 , 17.577015 , -46.026335 , 0.860331 , 
0.205841 , 0.933065 , 5183 , 4101 , 280 , 386 , 0.000055 , -0.000089 , 0.003138 , -0.005214 , 0.479181 , -0.717491 , 21.462216 , -41.072287 , 0.864745 , 
