Time , Accuracy , True Positive , False Positive , False Negative , True Negative , Avg. Diff. True Pos. , Avg. Diff. True Neg. , Avg. Diff. False Pos. , Avg. Diff. False Neg. , Avg. Diff. True Pos. (%) , Avg. Diff. True Neg. (%) , Avg. Diff. False Pos. (%) , Avg. Diff. False Neg. (%) , MCC

0.4336909 , 0.7910062 , 41664.1 , 132793.1 , 41984.8 , 4109.0 , 0.0026677 , -0.0026633 , 0.0012924 , -0.0007835 , 48.7888551 , -53.5085633 , 33.602025 , -20.3170987 , nan ,  
0.436761 , 0.9572779 , 41659.1 , 169469.5 , 5308.4 , 4114.0 , 3.27e-05 , -0.0010449 , 0.0102735 , -0.0008222 , 0.7028293 , -28.9839329 , 267.4346715 , -21.5077681 , nan ,  
0.4697486 , 0.9592828 , 41155.6 , 170415.2 , 4362.7 , 4617.5 , 0.0 , -0.0009724 , 0.0125066 , -0.0007386 , 2.8e-06 , -27.4449915 , 325.5545346 , -19.3365278 , nan ,  
