Time,                  Accuracy,                  True Positive,                  False Positive,                  False Negative,                  True Negative,                  Avg. Diff. True Pos.,                  Avg. Diff. True Neg.,                  Avg. Diff. False Pos.,                  Avg. Diff. False Neg.,                  Avg. Diff. True Pos. (%),                  Avg. Diff. True Neg. (%),                  Avg. Diff. False Pos. (%),                  Avg. Diff. False Neg. (%),                  MCC

0.002316 , 0.926868 , 176 , 407 , 9 , 37 , 0.019506 , -0.064996 , 0.009257 , -0.012815 , 53.251078 , -56.768828 , 29.407261 , -19.621039 , 0.835737 , 
0.002279 , 0.949126 , 194 , 403 , 13 , 19 , 0.020259 , -0.034351 , 0.014034 , -0.031880 , 53.406343 , -29.924884 , 42.822681 , -48.583220 , 0.885839 , 
0.002295 , 0.969793 , 209 , 401 , 15 , 4 , 0.019309 , -0.020155 , 0.017215 , -0.156161 , 50.163332 , -17.452605 , 52.304349 , -236.777885 , 0.934096 , 
