Time,                  Accuracy,                  True Positive,                  False Positive,                  False Negative,                  True Negative,                  Avg. Diff. True Pos.,                  Avg. Diff. True Neg.,                  Avg. Diff. False Pos.,                  Avg. Diff. False Neg.,                  Avg. Diff. True Pos. (%),                  Avg. Diff. True Neg. (%),                  Avg. Diff. False Pos. (%),                  Avg. Diff. False Neg. (%),                  MCC

0.438533 , 0.792352 , 41650 , 133104 , 41695 , 4102 , 0.002678 , -0.002660 , 0.001306 , -0.000783 , 48.851289 , -53.458685 , 33.769999 , -20.381890 , -nan , 
0.495477 , 0.957987 , 41863 , 169422 , 5377 , 3889 , 0.000033 , -0.001038 , 0.010179 , -0.000867 , 0.718263 , -28.828094 , 263.514797 , -22.732235 , -nan , 
0.457207 , 0.96039 , 41416 , 170399 , 4400 , 4336 , 0.000000 , -0.000964 , 0.012440 , -0.000778 , 0.000001 , -27.264780 , 322.027060 , -20.416726 , -0.526575 , 
