Time,                  Accuracy,                  True Positive,                  False Positive,                  False Negative,                  True Negative,                  Avg. Diff. True Pos.,                  Avg. Diff. True Neg.,                  Avg. Diff. False Pos.,                  Avg. Diff. False Neg.,                  Avg. Diff. True Pos. (%),                  Avg. Diff. True Neg. (%),                  Avg. Diff. False Pos. (%),                  Avg. Diff. False Neg. (%),                  MCC

0.180979 , 0.763214 , 17060 , 5306 , 1783 , 5156 , 0.009942 , -0.007691 , 0.004454 , -0.005323 , 11.177302 , -8.141267 , 4.980886 , -5.389832 , 0.461560 , 
0.205606 , 0.82317 , 19624 , 4499 , 2590 , 2592 , 0.000174 , -0.000065 , 0.003133 , -0.010635 , 0.194264 , -0.069430 , 3.498454 , -10.770212 , 0.517923 , 
0.189176 , 0.822829 , 19679 , 4434 , 2655 , 2537 , 0.000000 , -0.000000 , 0.003057 , -0.010866 , 0.000058 , -0.000001 , 3.412823 , -11.003703 , 0.514224 , 
