Time,                  Accuracy,                  True Positive,                  False Positive,                  False Negative,                  True Negative,                  Avg. Diff. True Pos.,                  Avg. Diff. True Neg.,                  Avg. Diff. False Pos.,                  Avg. Diff. False Neg.,                  Avg. Diff. True Pos. (%),                  Avg. Diff. True Neg. (%),                  Avg. Diff. False Pos. (%),                  Avg. Diff. False Neg. (%),                  MCC

0.451049 , 0.792157 , 41574 , 133137 , 41692 , 4148 , 0.002678 , -0.002662 , 0.001305 , -0.000781 , 48.840700 , -53.432425 , 33.808688 , -20.260170 , -nan , 
0.424401 , 0.957144 , 41589 , 169510 , 5319 , 4133 , 0.000032 , -0.001075 , 0.010279 , -0.000823 , 0.699635 , -29.745991 , 266.653953 , -21.593526 , -nan , 
0.457106 , 0.95747 , 40744 , 170427 , 4402 , 4978 , 0.000000 , -0.001004 , 0.012420 , -0.000684 , 0.000001 , -28.212734 , 322.201812 , -17.953640 , -0.591225 , 
