Time,                  Accuracy,                  True Positive,                  False Positive,                  False Negative,                  True Negative,                  Avg. Diff. True Pos.,                  Avg. Diff. True Neg.,                  Avg. Diff. False Pos.,                  Avg. Diff. False Neg.,                  Avg. Diff. True Pos. (%),                  Avg. Diff. True Neg. (%),                  Avg. Diff. False Pos. (%),                  Avg. Diff. False Neg. (%),                  MCC

0.116718 , 0.751924 , 777 , 1372 , 3 , 706 , 0.000464 , -0.001724 , 0.000407 , -0.000512 , 6.035310 , -16.902122 , 5.312796 , -5.568157 , 0.585220 , 
0.117187 , 0.929671 , 1368 , 1289 , 86 , 115 , 0.000674 , -0.000623 , 0.000200 , -0.003359 , 8.427508 , -6.039213 , 2.294946 , -36.439922 , 0.859426 , 
0.115692 , 0.946116 , 1408 , 1296 , 79 , 75 , 0.000638 , -0.000514 , 0.000362 , -0.005290 , 7.951493 , -4.978143 , 4.163856 , -57.311500 , 0.892070 , 
