Time,                  Accuracy,                  True Positive,                  False Positive,                  False Negative,                  True Negative,                  Avg. Diff. True Pos.,                  Avg. Diff. True Neg.,                  Avg. Diff. False Pos.,                  Avg. Diff. False Neg.,                  Avg. Diff. True Pos. (%),                  Avg. Diff. True Neg. (%),                  Avg. Diff. False Pos. (%),                  Avg. Diff. False Neg. (%),                  MCC

0.001722 , 0.839506 , 115 , 89 , 20 , 19 , 0.014189 , -0.014690 , 0.008010 , -0.006129 , 15.960529 , -17.424190 , 8.660418 , -6.907436 , 0.675324 , 
0.001651 , 0.835391 , 113 , 90 , 19 , 21 , 0.010853 , -0.010409 , 0.014630 , -0.010011 , 12.251897 , -12.275839 , 15.638393 , -11.234285 , 0.667921 , 
0.001658 , 0.855967 , 123 , 85 , 24 , 11 , 0.007471 , -0.005867 , 0.015468 , -0.021346 , 8.369794 , -6.980225 , 16.490829 , -24.000755 , 0.709834 , 
