Time,                  Accuracy,                  True Positive,                  False Positive,                  False Negative,                  True Negative,                  Avg. Diff. True Pos.,                  Avg. Diff. True Neg.,                  Avg. Diff. False Pos.,                  Avg. Diff. False Neg.,                  Avg. Diff. True Pos. (%),                  Avg. Diff. True Neg. (%),                  Avg. Diff. False Pos. (%),                  Avg. Diff. False Neg. (%),                  MCC

0.210672 , 0.72 , 3759 , 3405 , 1016 , 1770 , 0.001453 , -0.001774 , 0.000789 , -0.001012 , 10.021000 , -13.068607 , 5.387944 , -8.094758 , 0.447620 , 
0.214542 , 0.894372 , 4990 , 3909 , 512 , 539 , 0.000435 , -0.000426 , 0.001746 , -0.003544 , 3.335767 , -3.038653 , 11.968623 , -28.243514 , 0.786234 , 
0.209812 , 0.922915 , 5145 , 4038 , 383 , 384 , 0.000172 , -0.000213 , 0.002378 , -0.005017 , 1.389262 , -1.573350 , 16.309341 , -39.926502 , 0.843897 , 
0.211986 , 0.925628 , 5158 , 4052 , 369 , 371 , 0.000109 , -0.000154 , 0.002491 , -0.005217 , 0.900745 , -1.169643 , 17.086204 , -41.484540 , 0.849396 , 
0.209372 , 0.929347 , 5179 , 4068 , 353 , 350 , 0.000079 , -0.000120 , 0.002618 , -0.005546 , 0.666745 , -0.932722 , 17.963389 , -44.074267 , 0.856910 , 
0.210679 , 0.929548 , 5179 , 4070 , 351 , 350 , 0.000062 , -0.000098 , 0.002644 , -0.005557 , 0.532317 , -0.782997 , 18.134705 , -44.143457 , 0.857323 , 
0.205675 , 0.936985 , 5153 , 4170 , 251 , 376 , 0.000054 , -0.000090 , 0.003705 , -0.005183 , 0.466679 , -0.721989 , 25.414769 , -41.149659 , 0.873029 , 
