Time,                  Accuracy,                  True Positive,                  False Positive,                  False Negative,                  True Negative,                  Avg. Diff. True Pos.,                  Avg. Diff. True Neg.,                  Avg. Diff. False Pos.,                  Avg. Diff. False Neg.,                  Avg. Diff. True Pos. (%),                  Avg. Diff. True Neg. (%),                  Avg. Diff. False Pos. (%),                  Avg. Diff. False Neg. (%),                  MCC

0.002160 , 0.835391 , 112 , 91 , 19 , 21 , 0.015634 , -0.016051 , 0.007254 , -0.006782 , 17.600036 , -18.798092 , 8.023493 , -7.478793 , 0.668419 , 
0.001859 , 0.843621 , 113 , 92 , 18 , 20 , 0.011689 , -0.010711 , 0.014037 , -0.011836 , 13.103882 , -12.503921 , 15.360928 , -13.070348 , 0.685005 , 
0.001713 , 0.855967 , 117 , 91 , 19 , 16 , 0.008018 , -0.007143 , 0.017111 , -0.017413 , 9.040787 , -8.356082 , 18.716319 , -19.242725 , 0.708864 , 
