Time,                  Accuracy,                  True Positive,                  False Positive,                  False Negative,                  True Negative,                  Avg. Diff. True Pos.,                  Avg. Diff. True Neg.,                  Avg. Diff. False Pos.,                  Avg. Diff. False Neg.,                  Avg. Diff. True Pos. (%),                  Avg. Diff. True Neg. (%),                  Avg. Diff. False Pos. (%),                  Avg. Diff. False Neg. (%),                  MCC

0.423733 , 0.790357 , 41670 , 132644 , 42122 , 4115 , 0.002678 , -0.002667 , 0.001293 , -0.000783 , 48.835764 , -53.597780 , 33.488920 , -20.311502 , -nan , 
0.440710 , 0.956663 , 41521 , 169472 , 5294 , 4264 , 0.000031 , -0.001070 , 0.010341 , -0.000792 , 0.688906 , -29.311343 , 268.141949 , -20.652025 , -nan , 
0.464908 , 0.957851 , 40821 , 170434 , 4332 , 4964 , 0.000000 , -0.001011 , 0.012638 , -0.000680 , 0.000001 , -28.082491 , 327.687784 , -17.751130 , -0.583705 , 
