Time,                  Accuracy,                  True Positive,                  False Positive,                  False Negative,                  True Negative,                  Avg. Diff. True Pos.,                  Avg. Diff. True Neg.,                  Avg. Diff. False Pos.,                  Avg. Diff. False Neg.,                  Avg. Diff. True Pos. (%),                  Avg. Diff. True Neg. (%),                  Avg. Diff. False Pos. (%),                  Avg. Diff. False Neg. (%),                  MCC

0.001818 , 0.847737 , 116 , 90 , 17 , 20 , 0.015590 , -0.016297 , 0.009187 , -0.005905 , 17.627320 , -19.177397 , 10.065205 , -6.621003 , 0.692210 , 
0.001869 , 0.847737 , 118 , 88 , 19 , 18 , 0.012308 , -0.010466 , 0.015629 , -0.010427 , 13.891318 , -12.373880 , 17.225206 , -11.704363 , 0.690789 , 
0.001796 , 0.82716 , 103 , 98 , 9 , 33 , 0.006068 , -0.009687 , 0.037550 , -0.009023 , 6.921854 , -11.330429 , 41.287408 , -10.045625 , 0.670482 , 
