Time,                  Accuracy,                  True Positive,                  False Positive,                  False Negative,                  True Negative,                  Avg. Diff. True Pos.,                  Avg. Diff. True Neg.,                  Avg. Diff. False Pos.,                  Avg. Diff. False Neg.,                  Avg. Diff. True Pos. (%),                  Avg. Diff. True Neg. (%),                  Avg. Diff. False Pos. (%),                  Avg. Diff. False Neg. (%),                  MCC

0.189557 , 0.762532 , 17072 , 5274 , 1758 , 5201 , 0.009989 , -0.007670 , 0.004514 , -0.005324 , 11.224091 , -8.131932 , 5.071450 , -5.396697 , 0.460243 , 
0.199787 , 0.824672 , 19686 , 4481 , 2551 , 2587 , 0.000181 , -0.000064 , 0.003176 , -0.010753 , 0.204052 , -0.069432 , 3.561214 , -10.900517 , 0.520172 , 
0.280290 , 0.823921 , 19743 , 4402 , 2630 , 2530 , 0.000000 , -0.000000 , 0.003081 , -0.010995 , 0.000054 , -0.000001 , 3.454260 , -11.146104 , 0.514933 , 
