Time,                  Accuracy,                  True Positive,                  False Positive,                  False Negative,                  True Negative,                  Avg. Diff. True Pos.,                  Avg. Diff. True Neg.,                  Avg. Diff. False Pos.,                  Avg. Diff. False Neg.,                  Avg. Diff. True Pos. (%),                  Avg. Diff. True Neg. (%),                  Avg. Diff. False Pos. (%),                  Avg. Diff. False Neg. (%),                  MCC

0.118841 , 0.751924 , 791 , 1358 , 3 , 706 , 0.000476 , -0.001740 , 0.000411 , -0.000515 , 6.200718 , -17.064263 , 5.357741 , -5.607229 , 0.586697 , 
0.117664 , 0.93247 , 1386 , 1279 , 82 , 111 , 0.000687 , -0.000610 , 0.000212 , -0.003491 , 8.605965 , -5.912377 , 2.436805 , -37.913211 , 0.864943 , 
0.116914 , 0.949615 , 1431 , 1283 , 78 , 66 , 0.000648 , -0.000514 , 0.000387 , -0.006008 , 8.084859 , -4.973510 , 4.425190 , -65.167545 , 0.898993 , 
