Time,                  Accuracy,                  True Positive,                  False Positive,                  False Negative,                  True Negative,                  Avg. Diff. True Pos.,                  Avg. Diff. True Neg.,                  Avg. Diff. False Pos.,                  Avg. Diff. False Neg.,                  Avg. Diff. True Pos. (%),                  Avg. Diff. True Neg. (%),                  Avg. Diff. False Pos. (%),                  Avg. Diff. False Neg. (%),                  MCC

0.001756 , 0.82716 , 115 , 86 , 21 , 21 , 0.014663 , -0.015487 , 0.007376 , -0.006461 , 16.605230 , -18.299851 , 8.105757 , -7.101649 , 0.649327 , 
0.001796 , 0.831276 , 115 , 87 , 20 , 21 , 0.010480 , -0.010860 , 0.013376 , -0.011183 , 11.814117 , -12.781031 , 14.597330 , -12.309003 , 0.658040 , 
0.001763 , 0.839506 , 114 , 90 , 17 , 22 , 0.006838 , -0.007141 , 0.019343 , -0.013275 , 7.768879 , -8.380706 , 21.120701 , -14.627832 , 0.676573 , 
