Time,                  Accuracy,                  True Positive,                  False Positive,                  False Negative,                  True Negative,                  Avg. Diff. True Pos.,                  Avg. Diff. True Neg.,                  Avg. Diff. False Pos.,                  Avg. Diff. False Neg.,                  Avg. Diff. True Pos. (%),                  Avg. Diff. True Neg. (%),                  Avg. Diff. False Pos. (%),                  Avg. Diff. False Neg. (%),                  MCC

0.114994 , 0.750175 , 775 , 1369 , 3 , 711 , 0.000465 , -0.001741 , 0.000398 , -0.000515 , 6.054077 , -17.041044 , 5.209737 , -5.599530 , 0.582939 , 
0.122808 , 0.93212 , 1373 , 1291 , 81 , 113 , 0.000678 , -0.000633 , 0.000190 , -0.003454 , 8.467533 , -6.123114 , 2.191910 , -37.465571 , 0.864363 , 
0.128347 , 0.949615 , 1436 , 1278 , 94 , 50 , 0.000661 , -0.000477 , 0.000310 , -0.007952 , 8.225456 , -4.603700 , 3.548239 , -86.143212 , 0.899374 , 
