Time,                  Accuracy,                  True Positive,                  False Positive,                  False Negative,                  True Negative,                  Avg. Diff. True Pos.,                  Avg. Diff. True Neg.,                  Avg. Diff. False Pos.,                  Avg. Diff. False Neg.,                  Avg. Diff. True Pos. (%),                  Avg. Diff. True Neg. (%),                  Avg. Diff. False Pos. (%),                  Avg. Diff. False Neg. (%),                  MCC

0.204614 , 0.766354 , 17219 , 5239 , 1832 , 5015 , 0.009923 , -0.007788 , 0.004405 , -0.005486 , 11.123245 , -8.248969 , 4.934776 , -5.564517 , 0.462331 , 
0.195546 , 0.823887 , 19637 , 4507 , 2564 , 2597 , 0.000188 , -0.000089 , 0.003213 , -0.010643 , 0.208539 , -0.097859 , 3.594452 , -10.795931 , 0.519764 , 
0.208213 , 0.822658 , 19491 , 4617 , 2454 , 2743 , 0.000000 , -0.000000 , 0.003357 , -0.010077 , 0.000057 , -0.000001 , 3.755593 , -10.221304 , 0.522484 , 
