Time , Accuracy , True Positive , False Positive , False Negative , True Negative , Avg. Diff. True Pos. , Avg. Diff. True Neg. , Avg. Diff. False Pos. , Avg. Diff. False Neg. , Avg. Diff. True Pos. (%) , Avg. Diff. True Neg. (%) , Avg. Diff. False Pos. (%) , Avg. Diff. False Neg. (%) , MCC

0.0018653 , 0.830041 , 113.9 , 87.8 , 20.2 , 21.1 , 0.0147765 , -0.015613 , 0.0077837 , -0.006052 , 16.6562408 , -18.3564881 , 8.4478267 , -6.6816385 , 0.6561385 ,  
0.0019064 , 0.8333333 , 114.3 , 88.2 , 19.8 , 20.7 , 0.0109046 , -0.0104273 , 0.0142393 , -0.0105937 , 12.2711462 , -12.2365202 , 15.3908056 , -11.7117318 , 0.6627055 ,  
0.0017785 , 0.8452673 , 115.7 , 89.7 , 18.3 , 19.3 , 0.0069287 , -0.0070148 , 0.0211287 , -0.0163358 , 7.8079569 , -8.2298596 , 22.8243393 , -18.0767605 , 0.6915907 ,  
