Time,                  Accuracy,                  True Positive,                  False Positive,                  False Negative,                  True Negative,                  Avg. Diff. True Pos.,                  Avg. Diff. True Neg.,                  Avg. Diff. False Pos.,                  Avg. Diff. False Neg.,                  Avg. Diff. True Pos. (%),                  Avg. Diff. True Neg. (%),                  Avg. Diff. False Pos. (%),                  Avg. Diff. False Neg. (%),                  MCC

0.416765 , 0.790819 , 41642 , 132774 , 42032 , 4103 , 0.002672 , -0.002669 , 0.001286 , -0.000792 , 48.859818 , -53.587152 , 33.559013 , -20.442439 , -nan , 
0.472788 , 0.956867 , 41548 , 169490 , 5316 , 4197 , 0.000030 , -0.001030 , 0.010222 , -0.000814 , 0.643412 , -28.333731 , 266.975702 , -21.185493 , -nan , 
0.499038 , 0.957856 , 40658 , 170598 , 4208 , 5087 , 0.000000 , -0.000952 , 0.012913 , -0.000672 , 0.000001 , -26.588004 , 337.272536 , -17.505199 , -0.604063 , 
