Time,                  Accuracy,                  True Positive,                  False Positive,                  False Negative,                  True Negative,                  Avg. Diff. True Pos.,                  Avg. Diff. True Neg.,                  Avg. Diff. False Pos.,                  Avg. Diff. False Neg.,                  Avg. Diff. True Pos. (%),                  Avg. Diff. True Neg. (%),                  Avg. Diff. False Pos. (%),                  Avg. Diff. False Neg. (%),                  MCC

0.002154 , 0.928458 , 177 , 407 , 9 , 36 , 0.018774 , -0.065245 , 0.008101 , -0.011446 , 53.016593 , -57.265993 , 28.101304 , -17.168441 , 0.839296 , 
0.002263 , 0.957075 , 197 , 405 , 11 , 16 , 0.020773 , -0.038425 , 0.015227 , -0.033297 , 55.726037 , -33.633712 , 49.961632 , -48.742065 , 0.903760 , 
0.002285 , 0.971383 , 209 , 402 , 14 , 4 , 0.020472 , -0.021392 , 0.017696 , -0.138468 , 53.734442 , -18.646437 , 57.349564 , -201.834696 , 0.937413 , 
