Time,                  Accuracy,                  True Positive,                  False Positive,                  False Negative,                  True Negative,                  Avg. Diff. True Pos.,                  Avg. Diff. True Neg.,                  Avg. Diff. False Pos.,                  Avg. Diff. False Neg.,                  Avg. Diff. True Pos. (%),                  Avg. Diff. True Neg. (%),                  Avg. Diff. False Pos. (%),                  Avg. Diff. False Neg. (%),                  MCC

0.204675 , 0.719899 , 3781 , 3382 , 1043 , 1744 , 0.001544 , -0.001825 , 0.000862 , -0.001076 , 10.489106 , -13.619510 , 5.743258 , -8.774560 , 0.446093 , 
0.211297 , 0.896583 , 5000 , 3921 , 504 , 525 , 0.000428 , -0.000443 , 0.001968 , -0.003804 , 3.261048 , -3.202161 , 13.139721 , -30.858753 , 0.790713 , 
0.212205 , 0.922211 , 5135 , 4041 , 384 , 390 , 0.000171 , -0.000224 , 0.002627 , -0.005161 , 1.382226 , -1.652490 , 17.547668 , -41.809103 , 0.842519 , 
0.210079 , 0.927638 , 5165 , 4065 , 360 , 360 , 0.000109 , -0.000161 , 0.002825 , -0.005616 , 0.908129 , -1.224810 , 18.876247 , -45.451329 , 0.853486 , 
0.212276 , 0.929648 , 5175 , 4075 , 350 , 350 , 0.000081 , -0.000126 , 0.002920 , -0.005793 , 0.682845 , -0.988063 , 19.515267 , -46.852296 , 0.857556 , 
0.208721 , 0.930553 , 5180 , 4079 , 346 , 345 , 0.000064 , -0.000104 , 0.002965 , -0.005888 , 0.553095 , -0.832796 , 19.813947 , -47.600450 , 0.859384 , 
0.205566 , 0.941106 , 5277 , 4087 , 338 , 248 , 0.000058 , -0.000096 , 0.003045 , -0.008201 , 0.494381 , -0.773861 , 20.343383 , -66.284186 , 0.880660 , 
