Time,                  Accuracy,                  True Positive,                  False Positive,                  False Negative,                  True Negative,                  Avg. Diff. True Pos.,                  Avg. Diff. True Neg.,                  Avg. Diff. False Pos.,                  Avg. Diff. False Neg.,                  Avg. Diff. True Pos. (%),                  Avg. Diff. True Neg. (%),                  Avg. Diff. False Pos. (%),                  Avg. Diff. False Neg. (%),                  MCC

0.121467 , 0.752624 , 778 , 1373 , 2 , 705 , 0.000463 , -0.001729 , 0.000185 , -0.000509 , 6.017655 , -16.945835 , 2.252743 , -5.536723 , 0.586792 , 
0.120957 , 0.929671 , 1368 , 1289 , 86 , 115 , 0.000676 , -0.000597 , 0.000158 , -0.003339 , 8.439181 , -5.778202 , 1.777026 , -36.189369 , 0.859426 , 
0.126719 , 0.952764 , 1413 , 1310 , 65 , 70 , 0.000640 , -0.000516 , 0.000361 , -0.005629 , 7.974607 , -4.997758 , 4.049961 , -60.909664 , 0.905411 , 
