Time , Accuracy , True Positive , False Positive , False Negative , True Negative , Avg. Diff. True Pos. , Avg. Diff. True Neg. , Avg. Diff. False Pos. , Avg. Diff. False Neg. , Avg. Diff. True Pos. (%) , Avg. Diff. True Neg. (%) , Avg. Diff. False Pos. (%) , Avg. Diff. False Neg. (%) , MCC

0.0024976 , 0.92814 , 180.6 , 403.2 , 8.9 , 36.3 , 0.0193662 , -0.0648695 , 0.0092616 , -0.0120839 , 52.8571917 , -56.8040791 , 28.3809772 , -18.6803152 , 0.8402312 ,  
0.0024796 , 0.955644 , 200.6 , 400.5 , 11.6 , 16.3 , 0.0204201 , -0.0358086 , 0.0158527 , -0.0342719 , 53.6847244 , -31.2267339 , 47.1807589 , -52.519089 , 0.9014175 ,  
0.0024062 , 0.9712241 , 212.1 , 398.8 , 13.3 , 4.8 , 0.0195738 , -0.0226925 , 0.0194882 , -0.128644 , 50.6504024 , -19.7362699 , 57.6117054 , -195.3463006 , 0.937291 ,  
