Time , Accuracy , True Positive , False Positive , False Negative , True Negative , Avg. Diff. True Pos. , Avg. Diff. True Neg. , Avg. Diff. False Pos. , Avg. Diff. False Neg. , Avg. Diff. True Pos. (%) , Avg. Diff. True Neg. (%) , Avg. Diff. False Pos. (%) , Avg. Diff. False Neg. (%) , MCC

0.2096492 , 0.7650742 , 17169.1 , 5251.4 , 1805.5 , 5079.0 , 0.0099606 , -0.007791 , 0.0044056 , -0.0054341 , 11.1833009 , -8.2507032 , 4.9345841 , -5.5111764 , 0.4616979 ,  
0.2159206 , 0.8244395 , 19667.9 , 4492.3 , 2564.6 , 2580.2 , 0.0001647 , -6.81e-05 , 0.0031697 , -0.0107415 , 0.1841903 , -0.0744183 , 3.5449448 , -10.8944777 , 0.5202157 ,  
0.2125508 , 0.8245317 , 19744.1 , 4418.8 , 2638.1 , 2504.0 , 0.0 , -0.0 , 0.0030957 , -0.0111719 , 5.39e-05 , -1e-06 , 3.4619044 , -11.3304272 , 0.5172715 ,  
