Time,                  Accuracy,                  True Positive,                  False Positive,                  False Negative,                  True Negative,                  Avg. Diff. True Pos.,                  Avg. Diff. True Neg.,                  Avg. Diff. False Pos.,                  Avg. Diff. False Neg.,                  Avg. Diff. True Pos. (%),                  Avg. Diff. True Neg. (%),                  Avg. Diff. False Pos. (%),                  Avg. Diff. False Neg. (%),                  MCC

0.001795 , 0.823045 , 112 , 88 , 20 , 23 , 0.014739 , -0.015917 , 0.008077 , -0.006023 , 16.719999 , -18.510660 , 8.868194 , -6.582770 , 0.642859 , 
0.001723 , 0.835391 , 114 , 89 , 19 , 21 , 0.009400 , -0.011108 , 0.014426 , -0.011587 , 10.670361 , -12.852119 , 15.668833 , -12.745064 , 0.667375 , 
0.001656 , 0.843621 , 120 , 85 , 23 , 15 , 0.007316 , -0.006354 , 0.015695 , -0.018114 , 8.304619 , -7.378836 , 17.016555 , -19.962926 , 0.682511 , 
