Time,                  Accuracy,                  True Positive,                  False Positive,                  False Negative,                  True Negative,                  Avg. Diff. True Pos.,                  Avg. Diff. True Neg.,                  Avg. Diff. False Pos.,                  Avg. Diff. False Neg.,                  Avg. Diff. True Pos. (%),                  Avg. Diff. True Neg. (%),                  Avg. Diff. False Pos. (%),                  Avg. Diff. False Neg. (%),                  MCC

0.120796 , 0.754024 , 772 , 1383 , 3 , 700 , 0.000467 , -0.001726 , 0.000389 , -0.000500 , 6.075179 , -16.928640 , 5.073610 , -5.448666 , 0.587156 , 
0.120516 , 0.93317 , 1361 , 1306 , 80 , 111 , 0.000695 , -0.000608 , 0.000195 , -0.003372 , 8.683764 , -5.897538 , 2.244584 , -36.606802 , 0.866510 , 
0.118997 , 0.952764 , 1414 , 1309 , 77 , 58 , 0.000661 , -0.000494 , 0.000372 , -0.006602 , 8.231754 , -4.779819 , 4.265025 , -71.568756 , 0.905485 , 
