Time , Accuracy , True Positive , False Positive , False Negative , True Negative , Avg. Diff. True Pos. , Avg. Diff. True Neg. , Avg. Diff. False Pos. , Avg. Diff. False Neg. , Avg. Diff. True Pos. (%) , Avg. Diff. True Neg. (%) , Avg. Diff. False Pos. (%) , Avg. Diff. False Neg. (%) , MCC

0.1208237 , 0.752939 , 779.8 , 1372.1 , 2.7 , 703.4 , 0.0004689 , -0.001731 , 0.0004241 , -0.0005137 , 6.1006171 , -16.9692293 , 5.54898 , -5.5880979 , 0.5869022 ,  
0.1213448 , 0.9304408 , 1368.9 , 1290.3 , 84.5 , 114.3 , 0.0006797 , -0.0006119 , 0.0001925 , -0.0033769 , 8.4981343 , -5.9283923 , 2.2058575 , -36.6327813 , 0.8609742 ,  
0.1232112 , 0.9489852 , 1420.2 , 1292.0 , 82.8 , 63.0 , 0.0006499 , -0.0004965 , 0.0003581 , -0.0065024 , 8.096569 , -4.8038013 , 4.0884452 , -70.4396313 , 0.8980349 ,  
