Time,                  Accuracy,                  True Positive,                  False Positive,                  False Negative,                  True Negative,                  Avg. Diff. True Pos.,                  Avg. Diff. True Neg.,                  Avg. Diff. False Pos.,                  Avg. Diff. False Neg.,                  Avg. Diff. True Pos. (%),                  Avg. Diff. True Neg. (%),                  Avg. Diff. False Pos. (%),                  Avg. Diff. False Neg. (%),                  MCC

0.113151 , 0.753324 , 788 , 1365 , 3 , 702 , 0.000469 , -0.001724 , 0.000382 , -0.000522 , 6.102260 , -16.910561 , 4.997856 , -5.677221 , 0.588048 , 
0.122808 , 0.93212 , 1379 , 1285 , 83 , 111 , 0.000673 , -0.000616 , 0.000206 , -0.003523 , 8.417225 , -5.974748 , 2.361044 , -38.208290 , 0.864273 , 
0.135040 , 0.947866 , 1416 , 1293 , 75 , 74 , 0.000633 , -0.000509 , 0.000380 , -0.005424 , 7.893940 , -4.926549 , 4.353272 , -58.736034 , 0.895538 , 
