Time,                  Accuracy,                  True Positive,                  False Positive,                  False Negative,                  True Negative,                  Avg. Diff. True Pos.,                  Avg. Diff. True Neg.,                  Avg. Diff. False Pos.,                  Avg. Diff. False Neg.,                  Avg. Diff. True Pos. (%),                  Avg. Diff. True Neg. (%),                  Avg. Diff. False Pos. (%),                  Avg. Diff. False Neg. (%),                  MCC

0.414994 , 0.790974 , 41627 , 132823 , 42001 , 4100 , 0.002662 , -0.002665 , 0.001291 , -0.000785 , 48.724217 , -53.410530 , 33.588814 , -20.356512 , -nan , 
0.424680 , 0.956482 , 41429 , 169524 , 5300 , 4298 , 0.000034 , -0.001024 , 0.010287 , -0.000786 , 0.719996 , -28.248640 , 267.809841 , -20.603608 , -nan , 
0.481646 , 0.961383 , 41754 , 170280 , 4544 , 3973 , 0.000000 , -0.000954 , 0.011999 , -0.000851 , 0.000007 , -26.713482 , 312.366233 , -22.319932 , -0.495172 , 
