Time,                  Accuracy,                  True Positive,                  False Positive,                  False Negative,                  True Negative,                  Avg. Diff. True Pos.,                  Avg. Diff. True Neg.,                  Avg. Diff. False Pos.,                  Avg. Diff. False Neg.,                  Avg. Diff. True Pos. (%),                  Avg. Diff. True Neg. (%),                  Avg. Diff. False Pos. (%),                  Avg. Diff. False Neg. (%),                  MCC

0.002350 , 0.922099 , 181 , 399 , 8 , 41 , 0.019627 , -0.065246 , 0.008496 , -0.011685 , 54.357265 , -57.180877 , 20.934992 , -18.207078 , 0.829361 , 
0.002397 , 0.957075 , 206 , 396 , 11 , 16 , 0.021504 , -0.036953 , 0.014731 , -0.037554 , 56.788378 , -32.247034 , 35.877340 , -56.854600 , 0.905675 , 
0.002361 , 0.971383 , 218 , 393 , 14 , 4 , 0.019348 , -0.022823 , 0.016452 , -0.156269 , 51.074854 , -19.841110 , 39.385409 , -235.265687 , 0.938539 , 
