Time,                  Accuracy,                  True Positive,                  False Positive,                  False Negative,                  True Negative,                  Avg. Diff. True Pos.,                  Avg. Diff. True Neg.,                  Avg. Diff. False Pos.,                  Avg. Diff. False Neg.,                  Avg. Diff. True Pos. (%),                  Avg. Diff. True Neg. (%),                  Avg. Diff. False Pos. (%),                  Avg. Diff. False Neg. (%),                  MCC

0.002357 , 0.933227 , 185 , 402 , 7 , 35 , 0.020225 , -0.064558 , 0.008241 , -0.011470 , 52.049812 , -56.490520 , 25.374398 , -18.160000 , 0.853101 , 
0.002405 , 0.963434 , 205 , 401 , 8 , 15 , 0.021328 , -0.036237 , 0.015919 , -0.035026 , 53.119157 , -31.516612 , 48.494413 , -56.152000 , 0.919294 , 
0.002458 , 0.976153 , 216 , 398 , 11 , 4 , 0.022132 , -0.022411 , 0.016713 , -0.136962 , 54.053989 , -19.453732 , 50.045875 , -218.179825 , 0.948234 , 
