Time,                  Accuracy,                  True Positive,                  False Positive,                  False Negative,                  True Negative,                  Avg. Diff. True Pos.,                  Avg. Diff. True Neg.,                  Avg. Diff. False Pos.,                  Avg. Diff. False Neg.,                  Avg. Diff. True Pos. (%),                  Avg. Diff. True Neg. (%),                  Avg. Diff. False Pos. (%),                  Avg. Diff. False Neg. (%),                  MCC

0.003585 , 0.925278 , 178 , 404 , 10 , 37 , 0.018835 , -0.065629 , 0.008768 , -0.012885 , 53.849219 , -57.806150 , 27.533814 , -19.783539 , 0.832805 , 
0.003495 , 0.952305 , 197 , 402 , 12 , 18 , 0.019634 , -0.035369 , 0.016266 , -0.032946 , 54.325680 , -31.003614 , 49.439345 , -49.830597 , 0.893488 , 
0.002552 , 0.969793 , 211 , 399 , 15 , 4 , 0.019537 , -0.020725 , 0.018459 , -0.153114 , 52.412419 , -18.110294 , 55.484295 , -230.520008 , 0.934372 , 
