Time,                  Accuracy,                  True Positive,                  False Positive,                  False Negative,                  True Negative,                  Avg. Diff. True Pos.,                  Avg. Diff. True Neg.,                  Avg. Diff. False Pos.,                  Avg. Diff. False Neg.,                  Avg. Diff. True Pos. (%),                  Avg. Diff. True Neg. (%),                  Avg. Diff. False Pos. (%),                  Avg. Diff. False Neg. (%),                  MCC

0.001926 , 0.831276 , 111 , 91 , 21 , 20 , 0.014755 , -0.016006 , 0.007364 , -0.006153 , 16.669576 , -18.874004 , 8.026076 , -6.761616 , 0.660278 , 
0.001986 , 0.839506 , 111 , 93 , 19 , 20 , 0.011531 , -0.010649 , 0.014626 , -0.010932 , 13.047792 , -12.457090 , 15.837147 , -11.953107 , 0.677270 , 
0.001695 , 0.880658 , 120 , 94 , 18 , 11 , 0.007065 , -0.006497 , 0.019844 , -0.022440 , 7.947992 , -7.656852 , 21.385430 , -24.649226 , 0.760045 , 
