Time,                  Accuracy,                  True Positive,                  False Positive,                  False Negative,                  True Negative,                  Avg. Diff. True Pos.,                  Avg. Diff. True Neg.,                  Avg. Diff. False Pos.,                  Avg. Diff. False Neg.,                  Avg. Diff. True Pos. (%),                  Avg. Diff. True Neg. (%),                  Avg. Diff. False Pos. (%),                  Avg. Diff. False Neg. (%),                  MCC

0.253830 , 0.767855 , 17258 , 5244 , 1828 , 4975 , 0.009965 , -0.007901 , 0.004325 , -0.005547 , 11.194715 , -8.378774 , 4.842385 , -5.639865 , 0.464866 , 
0.220559 , 0.824603 , 19666 , 4499 , 2573 , 2567 , 0.000156 , -0.000060 , 0.003139 , -0.010801 , 0.174583 , -0.067116 , 3.509541 , -10.981860 , 0.520863 , 
0.192806 , 0.823955 , 19457 , 4689 , 2383 , 2776 , 0.000000 , -0.000000 , 0.003389 , -0.009988 , 0.000063 , -0.000001 , 3.789383 , -10.155057 , 0.528512 , 
