Time,                  Accuracy,                  True Positive,                  False Positive,                  False Negative,                  True Negative,                  Avg. Diff. True Pos.,                  Avg. Diff. True Neg.,                  Avg. Diff. False Pos.,                  Avg. Diff. False Neg.,                  Avg. Diff. True Pos. (%),                  Avg. Diff. True Neg. (%),                  Avg. Diff. False Pos. (%),                  Avg. Diff. False Neg. (%),                  MCC

0.402951 , 0.790062 , 41623 , 132626 , 42159 , 4143 , 0.002661 , -0.002661 , 0.001288 , -0.000775 , 48.741781 , -53.496924 , 33.419877 , -20.114077 , -nan , 
0.407961 , 0.95664 , 41484 , 169504 , 5281 , 4282 , 0.000032 , -0.001056 , 0.010330 , -0.000787 , 0.707531 , -29.133042 , 268.456452 , -20.621451 , -nan , 
0.454919 , 0.958304 , 40797 , 170558 , 4227 , 4969 , 0.000000 , -0.000970 , 0.012905 , -0.000678 , 0.000001 , -27.356342 , 335.395913 , -17.796354 , -0.588858 , 
