Time,                  Accuracy,                  True Positive,                  False Positive,                  False Negative,                  True Negative,                  Avg. Diff. True Pos.,                  Avg. Diff. True Neg.,                  Avg. Diff. False Pos.,                  Avg. Diff. False Neg.,                  Avg. Diff. True Pos. (%),                  Avg. Diff. True Neg. (%),                  Avg. Diff. False Pos. (%),                  Avg. Diff. False Neg. (%),                  MCC

0.196706 , 0.763931 , 17148 , 5239 , 1789 , 5129 , 0.009981 , -0.007742 , 0.004392 , -0.005381 , 11.197937 , -8.195278 , 4.914481 , -5.457300 , 0.460071 , 
0.211461 , 0.823716 , 19687 , 4452 , 2576 , 2590 , 0.000154 , -0.000067 , 0.003113 , -0.010708 , 0.170613 , -0.073311 , 3.478901 , -10.861683 , 0.516851 , 
0.197098 , 0.822965 , 19698 , 4419 , 2609 , 2579 , 0.000000 , -0.000000 , 0.003074 , -0.010754 , 0.000047 , -0.000001 , 3.434915 , -10.908012 , 0.513754 , 
