Time,                  Accuracy,                  True Positive,                  False Positive,                  False Negative,                  True Negative,                  Avg. Diff. True Pos.,                  Avg. Diff. True Neg.,                  Avg. Diff. False Pos.,                  Avg. Diff. False Neg.,                  Avg. Diff. True Pos. (%),                  Avg. Diff. True Neg. (%),                  Avg. Diff. False Pos. (%),                  Avg. Diff. False Neg. (%),                  MCC

0.245610 , 0.766251 , 17208 , 5247 , 1817 , 5033 , 0.009927 , -0.007812 , 0.004368 , -0.005450 , 11.143809 , -8.260930 , 4.886401 , -5.525240 , 0.462916 , 
0.203411 , 0.826173 , 19692 , 4519 , 2545 , 2549 , 0.000170 , -0.000072 , 0.003192 , -0.010804 , 0.189471 , -0.078156 , 3.564795 , -10.952724 , 0.525013 , 
0.197291 , 0.827026 , 19748 , 4488 , 2576 , 2493 , 0.000000 , -0.000000 , 0.003154 , -0.011047 , 0.000054 , -0.000001 , 3.521914 , -11.198755 , 0.525366 , 
