Time,                  Accuracy,                  True Positive,                  False Positive,                  False Negative,                  True Negative,                  Avg. Diff. True Pos.,                  Avg. Diff. True Neg.,                  Avg. Diff. False Pos.,                  Avg. Diff. False Neg.,                  Avg. Diff. True Pos. (%),                  Avg. Diff. True Neg. (%),                  Avg. Diff. False Pos. (%),                  Avg. Diff. False Neg. (%),                  MCC

0.001899 , 0.82716 , 115 , 86 , 20 , 22 , 0.014730 , -0.015717 , 0.008458 , -0.005575 , 16.626331 , -18.455938 , 9.202005 , -6.196116 , 0.649441 , 
0.002309 , 0.843621 , 118 , 87 , 19 , 19 , 0.010491 , -0.009925 , 0.015945 , -0.010858 , 11.785778 , -11.668062 , 17.394712 , -12.099082 , 0.682069 , 
0.001973 , 0.814815 , 105 , 93 , 13 , 32 , 0.005522 , -0.008226 , 0.026729 , -0.009331 , 6.295141 , -9.595497 , 29.121778 , -10.350943 , 0.638787 , 
