Time,                  Accuracy,                  True Positive,                  False Positive,                  False Negative,                  True Negative,                  Avg. Diff. True Pos.,                  Avg. Diff. True Neg.,                  Avg. Diff. False Pos.,                  Avg. Diff. False Neg.,                  Avg. Diff. True Pos. (%),                  Avg. Diff. True Neg. (%),                  Avg. Diff. False Pos. (%),                  Avg. Diff. False Neg. (%),                  MCC

0.206596 , 0.72201 , 3729 , 3455 , 948 , 1818 , 0.001458 , -0.001791 , 0.000803 , -0.001007 , 10.063337 , -12.952370 , 5.482566 , -7.901688 , 0.454734 , 
0.212725 , 0.893668 , 5009 , 3883 , 520 , 538 , 0.000446 , -0.000442 , 0.001655 , -0.003613 , 3.429270 , -3.132338 , 11.433826 , -28.349718 , 0.784584 , 
0.215689 , 0.922111 , 5154 , 4021 , 382 , 393 , 0.000171 , -0.000229 , 0.002295 , -0.004988 , 1.382066 , -1.695574 , 15.855929 , -39.082955 , 0.842177 , 
0.216321 , 0.929045 , 5193 , 4051 , 352 , 354 , 0.000111 , -0.000161 , 0.002515 , -0.005562 , 0.918514 , -1.227793 , 17.368890 , -43.550231 , 0.856196 , 
0.211292 , 0.930553 , 5203 , 4056 , 347 , 344 , 0.000081 , -0.000125 , 0.002565 , -0.005741 , 0.687243 , -0.977245 , 17.719563 , -44.923458 , 0.859235 , 
0.208233 , 0.933166 , 5216 , 4069 , 334 , 331 , 0.000064 , -0.000101 , 0.002676 , -0.005978 , 0.550227 , -0.810495 , 18.481886 , -46.765068 , 0.864532 , 
0.206350 , 0.936784 , 5250 , 4071 , 332 , 297 , 0.000058 , -0.000092 , 0.002701 , -0.006672 , 0.501109 , -0.738623 , 18.650506 , -52.178382 , 0.871791 , 
