Time,                  Accuracy,                  True Positive,                  False Positive,                  False Negative,                  True Negative,                  Avg. Diff. True Pos.,                  Avg. Diff. True Neg.,                  Avg. Diff. False Pos.,                  Avg. Diff. False Neg.,                  Avg. Diff. True Pos. (%),                  Avg. Diff. True Neg. (%),                  Avg. Diff. False Pos. (%),                  Avg. Diff. False Neg. (%),                  MCC

0.002299 , 0.930048 , 178 , 407 , 10 , 34 , 0.019535 , -0.064380 , 0.009769 , -0.011713 , 52.727067 , -56.259261 , 29.391473 , -17.816010 , 0.842243 , 
0.002305 , 0.952305 , 195 , 404 , 13 , 17 , 0.020053 , -0.036404 , 0.015578 , -0.030659 , 52.387017 , -31.732095 , 45.798972 , -47.056108 , 0.892868 , 
0.002457 , 0.972973 , 207 , 405 , 12 , 5 , 0.018762 , -0.023459 , 0.022918 , -0.108313 , 48.350121 , -20.391964 , 67.346310 , -165.356185 , 0.940296 , 
