Time,                  Accuracy,                  True Positive,                  False Positive,                  False Negative,                  True Negative,                  Avg. Diff. True Pos.,                  Avg. Diff. True Neg.,                  Avg. Diff. False Pos.,                  Avg. Diff. False Neg.,                  Avg. Diff. True Pos. (%),                  Avg. Diff. True Neg. (%),                  Avg. Diff. False Pos. (%),                  Avg. Diff. False Neg. (%),                  MCC

0.207738 , 0.721608 , 3800 , 3380 , 1013 , 1757 , 0.001507 , -0.001801 , 0.000814 , -0.001032 , 10.213494 , -13.368515 , 5.411433 , -8.354901 , 0.450355 , 
0.225624 , 0.895276 , 5023 , 3885 , 508 , 534 , 0.000450 , -0.000465 , 0.001800 , -0.003626 , 3.407722 , -3.289517 , 12.052186 , -29.229616 , 0.787789 , 
0.227638 , 0.920101 , 5155 , 4000 , 393 , 402 , 0.000174 , -0.000235 , 0.002368 , -0.004861 , 1.402116 , -1.721407 , 15.864633 , -39.115164 , 0.838020 , 
0.219614 , 0.927538 , 5196 , 4033 , 360 , 361 , 0.000111 , -0.000163 , 0.002608 , -0.005438 , 0.916758 , -1.235320 , 17.474427 , -43.724435 , 0.853068 , 
0.210624 , 0.931256 , 5216 , 4050 , 343 , 341 , 0.000080 , -0.000127 , 0.002752 , -0.005775 , 0.679047 , -0.984687 , 18.439010 , -46.398395 , 0.860598 , 
0.208651 , 0.928744 , 5203 , 4038 , 355 , 354 , 0.000063 , -0.000104 , 0.002669 , -0.005574 , 0.542768 , -0.819859 , 17.882730 , -44.766585 , 0.855507 , 
0.208091 , 0.937588 , 5253 , 4076 , 317 , 304 , 0.000057 , -0.000094 , 0.002997 , -0.006500 , 0.492753 , -0.750015 , 20.081011 , -52.185717 , 0.873408 , 
