Time,                  Accuracy,                  True Positive,                  False Positive,                  False Negative,                  True Negative,                  Avg. Diff. True Pos.,                  Avg. Diff. True Neg.,                  Avg. Diff. False Pos.,                  Avg. Diff. False Neg.,                  Avg. Diff. True Pos. (%),                  Avg. Diff. True Neg. (%),                  Avg. Diff. False Pos. (%),                  Avg. Diff. False Neg. (%),                  MCC

0.002517 , 0.926868 , 182 , 401 , 9 , 37 , 0.019113 , -0.065667 , 0.008488 , -0.013416 , 53.197737 , -58.231074 , 27.672990 , -20.920305 , 0.838228 , 
0.002306 , 0.955485 , 203 , 398 , 12 , 16 , 0.021770 , -0.036657 , 0.015804 , -0.037662 , 57.444633 , -32.351043 , 48.205294 , -57.714181 , 0.901597 , 
0.002252 , 0.968203 , 213 , 396 , 14 , 6 , 0.019348 , -0.024378 , 0.018866 , -0.104950 , 50.684177 , -21.443651 , 57.136531 , -159.829670 , 0.930898 , 
