Time,                  Accuracy,                  True Positive,                  False Positive,                  False Negative,                  True Negative,                  Avg. Diff. True Pos.,                  Avg. Diff. True Neg.,                  Avg. Diff. False Pos.,                  Avg. Diff. False Neg.,                  Avg. Diff. True Pos. (%),                  Avg. Diff. True Neg. (%),                  Avg. Diff. False Pos. (%),                  Avg. Diff. False Neg. (%),                  MCC

0.409290 , 0.791826 , 41754 , 132884 , 41757 , 4156 , 0.002668 , -0.002656 , 0.001297 , -0.000771 , 48.807473 , -53.405730 , 33.746767 , -19.992969 , -nan , 
0.413461 , 0.957955 , 41936 , 169342 , 5299 , 3974 , 0.000037 , -0.001023 , 0.010268 , -0.000847 , 0.748503 , -29.235464 , 267.510011 , -22.163617 , -nan , 
0.469359 , 0.960943 , 41659 , 170278 , 4363 , 4251 , 0.000000 , -0.000952 , 0.012470 , -0.000793 , 0.000001 , -27.741351 , 324.899278 , -20.742738 , -0.503285 , 
