Time,                  Accuracy,                  True Positive,                  False Positive,                  False Negative,                  True Negative,                  Avg. Diff. True Pos.,                  Avg. Diff. True Neg.,                  Avg. Diff. False Pos.,                  Avg. Diff. False Neg.,                  Avg. Diff. True Pos. (%),                  Avg. Diff. True Neg. (%),                  Avg. Diff. False Pos. (%),                  Avg. Diff. False Neg. (%),                  MCC

0.428041 , 0.790407 , 41578 , 132747 , 42100 , 4126 , 0.002672 , -0.002667 , 0.001291 , -0.000783 , 48.814301 , -53.573516 , 33.492082 , -20.247159 , -nan , 
0.450703 , 0.956704 , 41460 , 169542 , 5305 , 4244 , 0.000032 , -0.001028 , 0.010301 , -0.000797 , 0.683734 , -28.610949 , 267.440672 , -20.781159 , -nan , 
0.497621 , 0.957552 , 40626 , 170563 , 4284 , 5078 , 0.000000 , -0.000963 , 0.012756 , -0.000667 , 0.000001 , -27.248971 , 331.179451 , -17.395013 , -0.606502 , 
