Time,                  Accuracy,                  True Positive,                  False Positive,                  False Negative,                  True Negative,                  Avg. Diff. True Pos.,                  Avg. Diff. True Neg.,                  Avg. Diff. False Pos.,                  Avg. Diff. False Neg.,                  Avg. Diff. True Pos. (%),                  Avg. Diff. True Neg. (%),                  Avg. Diff. False Pos. (%),                  Avg. Diff. False Neg. (%),                  MCC

0.119121 , 0.755773 , 783 , 1377 , 1 , 697 , 0.000476 , -0.001732 , 0.000850 , -0.000520 , 6.197816 , -16.997223 , 11.436104 , -5.653006 , 0.591694 , 
0.118855 , 0.931071 , 1367 , 1294 , 84 , 113 , 0.000676 , -0.000610 , 0.000172 , -0.003450 , 8.461942 , -5.913034 , 1.960070 , -37.383105 , 0.862243 , 
0.118425 , 0.951714 , 1418 , 1302 , 76 , 62 , 0.000656 , -0.000488 , 0.000346 , -0.006436 , 8.176104 , -4.730448 , 3.929071 , -69.633264 , 0.903315 , 
