Time,                  Accuracy,                  True Positive,                  False Positive,                  False Negative,                  True Negative,                  Avg. Diff. True Pos.,                  Avg. Diff. True Neg.,                  Avg. Diff. False Pos.,                  Avg. Diff. False Neg.,                  Avg. Diff. True Pos. (%),                  Avg. Diff. True Neg. (%),                  Avg. Diff. False Pos. (%),                  Avg. Diff. False Neg. (%),                  MCC

0.118274 , 0.753324 , 792 , 1361 , 3 , 702 , 0.000466 , -0.001730 , 0.000416 , -0.000516 , 6.056851 , -16.959053 , 5.421422 , -5.611784 , 0.588462 , 
0.118481 , 0.927572 , 1376 , 1275 , 89 , 118 , 0.000687 , -0.000603 , 0.000193 , -0.003256 , 8.585423 , -5.839126 , 2.215786 , -35.355823 , 0.855154 , 
0.117932 , 0.949615 , 1415 , 1299 , 65 , 79 , 0.000636 , -0.000528 , 0.000431 , -0.005001 , 7.932612 , -5.110410 , 4.940224 , -54.215443 , 0.899110 , 
