Time , Accuracy , True Positive , False Positive , False Negative , True Negative , Avg. Diff. True Pos. , Avg. Diff. True Neg. , Avg. Diff. False Pos. , Avg. Diff. False Neg. , Avg. Diff. True Pos. (%) , Avg. Diff. True Neg. (%) , Avg. Diff. False Pos. (%) , Avg. Diff. False Neg. (%) , MCC

0.2077267 , 0.7217789 , 3757.8 , 3423.9 , 984.6 , 1783.7 , 0.0014726 , -0.001787 , 0.0008001 , -0.0010309 , 10.0838522 , -13.1360929 , 5.414334 , -8.2633145 , 0.452346 ,  
0.2152358 , 0.8954873 , 5010.0 , 3900.1 , 508.4 , 531.5 , 0.0004429 , -0.0004486 , 0.0017358 , -0.0036812 , 3.3776869 , -3.1889418 , 11.7978347 , -29.4105076 , 0.7883492 ,  
0.2186034 , 0.9228243 , 5153.9 , 4028.2 , 380.3 , 387.6 , 0.000173 , -0.0002266 , 0.0023625 , -0.0050926 , 1.3966114 , -1.6712599 , 16.0637859 , -40.6271197 , 0.8436456 ,  
0.2132941 , 0.9271055 , 5178.5 , 4046.2 , 362.3 , 363.0 , 0.000111 , -0.0001595 , 0.002503 , -0.0054612 , 0.9193952 , -1.2136971 , 17.0207567 , -43.5294778 , 0.852297 ,  
0.2113649 , 0.9299196 , 5193.9 , 4058.8 , 349.7 , 347.6 , 8.06e-05 , -0.0001238 , 0.0026078 , -0.0057196 , 0.6813129 , -0.9680036 , 17.7332319 , -45.5624407 , 0.8579899 ,  
0.2102249 , 0.9310252 , 5198.9 , 4064.8 , 343.7 , 342.6 , 6.33e-05 , -0.0001006 , 0.0026636 , -0.0058158 , 0.5435416 , -0.8079058 , 18.1130054 , -46.3072728 , 0.8602329 ,  
0.2070912 , 0.9350955 , 5175.0 , 4129.2 , 279.3 , 366.5 , 5.62e-05 , -9.16e-05 , 0.0035646 , -0.0057729 , 0.4872701 , -0.7399456 , 24.230311 , -45.9748245 , 0.8693584 ,  
