Time,                  Accuracy,                  True Positive,                  False Positive,                  False Negative,                  True Negative,                  Avg. Diff. True Pos.,                  Avg. Diff. True Neg.,                  Avg. Diff. False Pos.,                  Avg. Diff. False Neg.,                  Avg. Diff. True Pos. (%),                  Avg. Diff. True Neg. (%),                  Avg. Diff. False Pos. (%),                  Avg. Diff. False Neg. (%),                  MCC

0.001802 , 0.814815 , 112 , 86 , 22 , 23 , 0.014986 , -0.015474 , 0.007427 , -0.005865 , 16.910860 , -18.274927 , 8.095425 , -6.464790 , 0.625369 , 
0.002236 , 0.802469 , 111 , 84 , 24 , 24 , 0.010468 , -0.009562 , 0.012052 , -0.009717 , 11.783462 , -11.367110 , 13.164823 , -10.750078 , 0.600000 , 
0.001998 , 0.860082 , 114 , 95 , 13 , 21 , 0.005973 , -0.006543 , 0.026525 , -0.013536 , 6.745655 , -7.724441 , 28.852484 , -15.005292 , 0.720329 , 
