Time,                  Accuracy,                  True Positive,                  False Positive,                  False Negative,                  True Negative,                  Avg. Diff. True Pos.,                  Avg. Diff. True Neg.,                  Avg. Diff. False Pos.,                  Avg. Diff. False Neg.,                  Avg. Diff. True Pos. (%),                  Avg. Diff. True Neg. (%),                  Avg. Diff. False Pos. (%),                  Avg. Diff. False Neg. (%),                  MCC

0.204659 , 0.721709 , 3741 , 3440 , 990 , 1779 , 0.001491 , -0.001775 , 0.000802 , -0.001027 , 10.159409 , -13.038948 , 5.393265 , -8.237700 , 0.452051 , 
0.217040 , 0.896281 , 4991 , 3927 , 503 , 529 , 0.000463 , -0.000462 , 0.001768 , -0.003668 , 3.521223 , -3.286615 , 11.914695 , -29.370727 , 0.790176 , 
0.221043 , 0.923819 , 5136 , 4056 , 374 , 384 , 0.000180 , -0.000232 , 0.002420 , -0.005100 , 1.461189 , -1.716724 , 16.313626 , -40.777017 , 0.845824 , 
0.223971 , 0.926131 , 5153 , 4062 , 368 , 367 , 0.000118 , -0.000161 , 0.002484 , -0.005361 , 0.974747 , -1.230466 , 16.741925 , -42.826233 , 0.850463 , 
0.210846 , 0.930452 , 5177 , 4081 , 349 , 343 , 0.000085 , -0.000125 , 0.002634 , -0.005753 , 0.717278 , -0.983016 , 17.755390 , -45.931891 , 0.859197 , 
0.213816 , 0.933367 , 5191 , 4096 , 334 , 329 , 0.000065 , -0.000102 , 0.002763 , -0.006010 , 0.562736 , -0.825065 , 18.624836 , -47.966141 , 0.865100 , 
0.208490 , 0.927839 , 4937 , 4295 , 135 , 583 , 0.000055 , -0.000095 , 0.006844 , -0.003401 , 0.483716 , -0.773893 , 46.132956 , -27.131800 , 0.858874 , 
