Time,                  Accuracy,                  True Positive,                  False Positive,                  False Negative,                  True Negative,                  Avg. Diff. True Pos.,                  Avg. Diff. True Neg.,                  Avg. Diff. False Pos.,                  Avg. Diff. False Neg.,                  Avg. Diff. True Pos. (%),                  Avg. Diff. True Neg. (%),                  Avg. Diff. False Pos. (%),                  Avg. Diff. False Neg. (%),                  MCC

0.214447 , 0.725226 , 3771 , 3445 , 945 , 1789 , 0.001447 , -0.001783 , 0.000768 , -0.001020 , 9.896453 , -12.977342 , 5.279698 , -8.122925 , 0.460388 , 
0.216474 , 0.896482 , 5033 , 3887 , 503 , 527 , 0.000428 , -0.000439 , 0.001622 , -0.003693 , 3.269509 , -3.138694 , 11.160688 , -29.260338 , 0.790192 , 
0.237608 , 0.923518 , 5178 , 4011 , 379 , 382 , 0.000171 , -0.000219 , 0.002195 , -0.005136 , 1.379940 , -1.620639 , 15.106924 , -40.644332 , 0.844902 , 
0.212241 , 0.927739 , 5199 , 4032 , 358 , 361 , 0.000109 , -0.000157 , 0.002346 , -0.005459 , 0.900261 , -1.193843 , 16.147696 , -43.169081 , 0.853462 , 
0.211439 , 0.928844 , 5206 , 4036 , 354 , 354 , 0.000079 , -0.000123 , 0.002387 , -0.005583 , 0.667515 , -0.964065 , 16.425750 , -44.124322 , 0.855693 , 
0.213314 , 0.930754 , 5216 , 4045 , 345 , 344 , 0.000062 , -0.000101 , 0.002460 , -0.005756 , 0.530060 , -0.813779 , 16.924196 , -45.478823 , 0.859562 , 
0.209784 , 0.937186 , 5236 , 4089 , 301 , 324 , 0.000057 , -0.000091 , 0.002828 , -0.006120 , 0.489564 , -0.737937 , 19.460832 , -48.344855 , 0.872690 , 
